symbol,y_pred,y_true,rmse
AAPL,"[0.01339364 0.01317618 0.01315946 0.0132822  0.01371779 0.0143968
 0.01513659 0.01564395 0.01614937 0.01670095 0.01703748 0.01718501
 0.0160068  0.01505912 0.01485658 0.01504702 0.01540019 0.01586786
 0.01627334 0.01653248 0.01664478 0.01667102 0.01665434 0.01677641
 0.01693013 0.01684926 0.01641612 0.01607617 0.01583808 0.0154515
 0.01487478 0.01451916 0.01430392 0.01427071 0.01384594 0.01303787
 0.01229846 0.01177717 0.01136481 0.01102711 0.01087243 0.01084469
 0.01078389 0.01073105 0.01045034 0.01022743 0.01007879 0.00997477
 0.00966635 0.00969706 0.0099404  0.0103231  0.01053751 0.01079608
 0.01121373 0.01159749 0.01185794 0.01205692 0.01217123 0.01218835
 0.01240002 0.012628   0.01287406 0.01299031 0.01296302 0.01285706
 0.01254661 0.01225219 0.0120404  0.01181199 0.01107201 0.01028218
 0.00972993 0.00944404 0.00924342 0.00907293 0.00911903 0.00925543
 0.00935408 0.00941976 0.00961091 0.00954212 0.00940976 0.00919108
 0.00900692 0.00893335 0.00894305 0.00905316 0.0091692  0.00928212
 0.00933067 0.00933199 0.00930631 0.00927352 0.01005902 0.01104434
 0.01190292 0.01214832 0.01240815 0.01251895 0.01250175 0.01235209
 0.01212171 0.01173702 0.01136342 0.0117641  0.01256978 0.01342937
 0.01405505 0.01439793 0.01448856 0.01445971 0.01437779 0.01444524
 0.01470284 0.01446619 0.01403434 0.0135623  0.01320219 0.01272736
 0.01234462 0.01210533 0.01204812 0.01217155 0.01228713 0.01235852
 0.01179076 0.01085906 0.00987428 0.00920224 0.00890311 0.00888712
 0.00908052 0.00934756 0.00937779 0.00904593 0.00887406 0.00926071
 0.00970415 0.00994659 0.01015991 0.01046938 0.01073267 0.01092597
 0.01112476 0.01126927 0.01139435 0.01159255 0.01190654 0.0129628
 0.01405073 0.01484655 0.01526957 0.01558799 0.01577709 0.01585337
 0.01584522 0.0155579  0.01483186 0.01407822 0.01353201 0.01320734
 0.01305585 0.0138721  0.01491376 0.01596951 0.0168916  0.01748709
 0.01765599 0.01746222 0.01647005 0.01536863 0.01456783 0.01412117
 0.01375187 0.0137698  0.01410733 0.01451462 0.01504808 0.0167017
 0.01853263 0.0199078  0.02065897 0.02080271 0.02004374 0.01912525
 0.01810928 0.01710041 0.01629781 0.01577064 0.01537064 0.01514901
 0.01517552 0.01561472 0.01620199 0.01669003 0.01684531 0.01655607
 0.01606646 0.01550043 0.0134041  0.01106494 0.00931189 0.00836486
 0.00837114 0.01086799 0.01420329 0.0170928  0.01902273 0.0199849
 0.0202779  0.02040242 0.02045229 0.02037767 0.01998911 0.01957158
 0.01922875 0.01917495 0.01946456 0.01987205 0.02021949 0.02050438
 0.020675   0.02066782 0.02060702 0.02061844 0.01906665 0.0170428
 0.01535255 0.01460718 0.01464662 0.01501195 0.01520373 0.01518495
 0.0155365  0.01600171 0.01626169 0.01635059 0.01619429 0.01570475
 0.01520972 0.01485156 0.01538116 0.01617862 0.01698288 0.01753196
 0.01775185 0.01768273 0.01749147 0.01728677 0.01698446 0.01654892
 0.01616658 0.01591396 0.01578791 0.01539271 0.01499373 0.01470448
 0.01455349 0.01455213 0.0146261  0.01456913 0.01484258 0.01392922
 0.01260665 0.01144723 0.01055153 0.00994664 0.00970126 0.00953325
 0.00945725 0.00980776 0.01026592 0.0108883  0.01213357 0.01337728
 0.01428007 0.01472039 0.01481051 0.01469726 0.01447982 0.01440095
 0.01479484 0.01496392 0.01494425 0.01482195 0.01490264 0.0151959
 0.0155998  0.0159107  0.0161139  0.01629752 0.01601999 0.01566051
 0.01525055 0.01438961 0.01354712 0.01290475 0.01280516 0.01299646
 0.0132849  0.01358012 0.01356035 0.01303697 0.01260291 0.01240987
 0.01237872 0.01218645 0.01177584 0.01147558 0.01131145 0.01131923
 0.01123669 0.01105653 0.01097865 0.01107404 0.01125276 0.01139698
 0.0114992  0.01128526 0.01099487 0.01083798 0.01079792 0.01082753
 0.01077254 0.0104453  0.00992836 0.00940943 0.00903558 0.00881222
 0.00861137 0.00845599 0.00822136 0.00799465 0.00784812 0.00775631
 0.0073891  0.00753272 0.00790608 0.00844621 0.00889852 0.00921522
 0.00934033 0.00954541 0.00991597 0.01030195 0.01102877 0.01165345
 0.01207787 0.01235772 0.01248541 0.01263765 0.01276697 0.01284237
 0.01307577 0.0139971  0.0149639  0.01591385 0.01652707 0.0167401
 0.01641873 0.01647264 0.01722057 0.01810833 0.01878336 0.01912221
 0.01953678 0.01987252 0.02006503 0.02010372 0.02018636 0.02025313
 0.02030215 0.02040221 0.02059826 0.02071093 0.02004656 0.01919358
 0.01794668 0.01687698 0.01617869 0.01583981 0.01586271 0.01562582
 0.01549022 0.0155393  0.01569107 0.015292   0.01455424 0.01396305
 0.0146812  0.01597865 0.01731695 0.01842611 0.01910798 0.01916225
 0.01874146 0.01831449 0.01796471 0.01795224 0.0181993  0.01858396
 0.01892813 0.01903349 0.01916219 0.01926519 0.01929279 0.01927177
 0.02186573 0.02620355 0.03015689 0.03275001 0.03881707 0.04489172
 0.04916875 0.05107031 0.05105338 0.05024336 0.0491836  0.04827759
 0.04781309 0.04773737 0.04785309 0.0479888  0.0480411  0.04791326
 0.04766072 0.04742278 0.04748856 0.0460777  0.04330941 0.04055942
 0.03801506 0.03126865 0.0254695  0.02139287 0.01924177 0.01871118
 0.01862277 0.01891851 0.01927441 0.01950518 0.0194605  0.01949416
 0.0198368  0.02024845 0.02057828 0.02077795 0.02086489 0.02041957
 0.01944749 0.01854578 0.01795051 0.01773391 0.01777085 0.0163599
 0.0145928  0.01319529 0.01245111 0.01229641 0.01248882 0.01308306
 0.01349196 0.01372249 0.01330039 0.01233491 0.01136595 0.01087785
 0.0108317  0.01124268 0.01177102 0.01240562 0.01284411 0.01296358
 0.01278669 0.01253713 0.01216709 0.01183372 0.01144343 0.01110613
 0.01070006 0.01037198 0.00995347 0.00961527 0.00936998 0.00923671
 0.00917945 0.00934814 0.00945843 0.00944372 0.00940608 0.00936472
 0.009166   0.01040546 0.01247903 0.01505825 0.0172189  0.0184707
 0.01894773 0.01890586 0.01862108 0.01829239 0.01802154 0.01803377
 0.01818339 0.01838042 0.01854936 0.01866544 0.01861024 0.0184004
 0.01813033 0.01761939 0.01750619 0.01758057 0.01698327 0.01597846
 0.01443682 0.01358436 0.0133421  0.01350328 0.01388512 0.01428049
 0.01457847 0.01476843 0.01500418 0.01574816 0.0165848  0.01728743
 0.01778324 0.01807723 0.01820247]","[0.01316441 0.01343598 0.01357244 0.01458867 0.01532966 0.01576828
 0.01554891 0.01645959 0.01713994 0.01685831 0.01691804 0.01268784
 0.01467263 0.01609333 0.01599535 0.01605487 0.01651025 0.01653476
 0.01651525 0.01650514 0.01657441 0.01660806 0.01717083 0.01717244
 0.01644286 0.01552144 0.01605088 0.0159308  0.01497853 0.01415729
 0.0147202  0.01447447 0.0146526  0.0128321  0.01166547 0.01178848
 0.0117189  0.01117033 0.01080115 0.01098437 0.01093167 0.01050363
 0.01050925 0.00954338 0.00989818 0.00982938 0.00969251 0.00869626
 0.01008344 0.01025929 0.01061632 0.01008045 0.01078533 0.01156128
 0.01154934 0.01154059 0.01181427 0.01182552 0.01175042 0.01269455
 0.01261914 0.01289688 0.01264113 0.01247785 0.01243769 0.01172736
 0.01186489 0.01185802 0.01143034 0.00928477 0.00929749 0.00949824
 0.00949543 0.00899681 0.00872078 0.00930769 0.00925352 0.00904639
 0.00907464 0.00967612 0.00860597 0.00879265 0.00844087 0.00852061
 0.00869517 0.00872533 0.0089604  0.00889392 0.00898575 0.00885435
 0.00884593 0.00883532 0.00883583 0.01197521 0.01191186 0.01203883
 0.01085121 0.01231986 0.01201993 0.01195605 0.0117089  0.01152774
 0.01088599 0.01084482 0.01338478 0.01383114 0.01406377 0.01395561
 0.01397656 0.0139256  0.01405743 0.01407618 0.01465936 0.01516899
 0.01329685 0.01324291 0.01303315 0.0130573  0.01206452 0.01213569
 0.01210916 0.01226976 0.01253036 0.01226706 0.01221303 0.00994768
 0.00916334 0.00868387 0.00898432 0.00912915 0.00917603 0.00939269
 0.00943523 0.00861865 0.00768317 0.00866536 0.01033568 0.00983177
 0.00939319 0.0099152  0.01055432 0.01050758 0.0106037  0.0109638
 0.01095939 0.01114868 0.0116016  0.0121109  0.01497629 0.01475204
 0.01471629 0.01470573 0.01544799 0.0155254  0.01557622 0.01558749
 0.01476052 0.01340488 0.01338224 0.01346426 0.01336551 0.01326864
 0.0163452  0.0161666  0.01679866 0.0173157  0.01730168 0.01696884
 0.01662407 0.01425349 0.01428126 0.01451093 0.01448853 0.01368173
 0.01457941 0.01504243 0.01502123 0.01572671 0.01998781 0.02018957
 0.02005977 0.02004805 0.01980071 0.01792581 0.01818792 0.01729035
 0.01651521 0.01626115 0.01610082 0.01553715 0.01553077 0.01585901
 0.01689272 0.0170818  0.01700737 0.01645704 0.01559812 0.01536988
 0.01496836 0.00888829 0.00850722 0.00882477 0.00904253 0.01020011
 0.01778563 0.01828015 0.0182812  0.01849755 0.01871082 0.01905116
 0.01997311 0.02022551 0.02006405 0.0192025  0.01931278 0.01927636
 0.01985784 0.02052975 0.02064686 0.02063768 0.02086283 0.02086305
 0.02062336 0.02073948 0.02103166 0.01554731 0.01487893 0.01488911
 0.01606334 0.01646094 0.01620714 0.01528994 0.01496844 0.0166166
 0.01668011 0.01616912 0.01615532 0.01566243 0.01474042 0.01482556
 0.01484933 0.01746351 0.01734714 0.01765367 0.01752204 0.01735058
 0.0171363  0.01716147 0.0171647  0.01666328 0.01607392 0.01607586
 0.01607717 0.01605106 0.0147224  0.01477387 0.01477435 0.01477786
 0.01490463 0.01488656 0.01432635 0.0156878  0.011013   0.01066922
 0.01069301 0.01020438 0.00988665 0.01007037 0.00938507 0.00938222
 0.01073503 0.01063133 0.01147909 0.01409468 0.01411327 0.01409303
 0.01394005 0.01397022 0.01399185 0.01390972 0.01442944 0.01585716
 0.01460574 0.0145063  0.01447358 0.01529241 0.01579202 0.01610527
 0.01597728 0.01606917 0.01640105 0.01498194 0.01523119 0.01485807
 0.01290018 0.01290715 0.01277256 0.01377147 0.01372708 0.01370877
 0.01381307 0.01291073 0.01158157 0.01230281 0.01260024 0.01255439
 0.01160487 0.01087601 0.0112775  0.01127187 0.01148741 0.01081236
 0.01051501 0.010896   0.01127007 0.011341   0.01122225 0.01126725
 0.01024802 0.01033886 0.01070123 0.0107332  0.01073358 0.01030435
 0.00936419 0.00881792 0.0086436  0.00867695 0.00858957 0.00814075
 0.00805601 0.00747747 0.00741055 0.00746317 0.00735315 0.00603777
 0.00824346 0.00824049 0.00880737 0.00866961 0.00877246 0.00861656
 0.00943521 0.0101309  0.01025161 0.01191926 0.01161625 0.01170235
 0.01198471 0.01199294 0.01252391 0.01257256 0.01256891 0.01335318
 0.01583787 0.01565781 0.01647129 0.01625468 0.0160582  0.01510536
 0.01710652 0.01900864 0.01903762 0.01893245 0.01881439 0.02000887
 0.0200607  0.02006141 0.01999831 0.02047942 0.02047009 0.02052617
 0.02080073 0.02116034 0.02092396 0.01852638 0.01850432 0.01662452
 0.01667351 0.01663404 0.01655625 0.01684451 0.01524796 0.01578314
 0.01610125 0.01615368 0.01410099 0.01341133 0.01380276 0.01772392
 0.01810829 0.01843713 0.01884111 0.01883514 0.01808074 0.01758311
 0.01800476 0.01791986 0.01866092 0.01900194 0.01928478 0.01928853
 0.01887139 0.01946656 0.01948293 0.01937655 0.01937392 0.02828182
 0.03194919 0.03186301 0.03194516 0.04637097 0.04705471 0.04762074
 0.04771064 0.04769782 0.04837612 0.04841042 0.04852653 0.04897762
 0.04925904 0.04935103 0.04935456 0.04928976 0.04900691 0.04881277
 0.04880677 0.04940837 0.04514855 0.04179422 0.04092911 0.03895309
 0.02335825 0.02477963 0.02350353 0.02315532 0.02318123 0.02112838
 0.02127492 0.02084537 0.0204168  0.01971029 0.02024497 0.02110342
 0.02106943 0.0210035  0.02097352 0.02097941 0.01943151 0.01805254
 0.01822918 0.01831862 0.01853889 0.01854867 0.0129736  0.0126906
 0.01290375 0.01324303 0.01344898 0.01343384 0.01440787 0.01351402
 0.01355404 0.01167018 0.01037918 0.01037746 0.01123091 0.01149653
 0.01232126 0.01227917 0.01295911 0.01264597 0.01225648 0.01186566
 0.01197438 0.01141841 0.01141833 0.01080494 0.01072104 0.01001395
 0.01002597 0.00918323 0.00922938 0.009073   0.00905868 0.00898127
 0.00963344 0.00911549 0.00884383 0.0089722  0.00895465 0.00830051
 0.0139417  0.01544085 0.01768347 0.01775827 0.01745069 0.01761192
 0.01769067 0.01778759 0.01786577 0.01790321 0.01859452 0.0186502
 0.01875366 0.01878806 0.01883344 0.01845571 0.01816405 0.01802189
 0.01702085 0.01833195 0.0182043  0.01556293 0.0146406  0.0123756
 0.01430504 0.0144516  0.01453793 0.01471988 0.01469805 0.01467043
 0.01472099 0.01525081 0.01722042 0.0173663  0.01754093 0.0177446
 0.01790385 0.01798121 0.01794618]",0.0018724181731800693
TSLA,"[0.02949565 0.02605966 0.02566016 0.02605843 0.02672103 0.02736297
 0.02804152 0.02757922 0.02919579 0.03069142 0.03114349 0.03177083
 0.03281692 0.03361174 0.03391366 0.0336073  0.03608777 0.03858051
 0.03969511 0.03931791 0.03814028 0.03745923 0.03712098 0.03595171
 0.03541906 0.03604854 0.03645669 0.03621201 0.03591307 0.03398982
 0.03255389 0.03202169 0.03125656 0.03120824 0.03131415 0.03140192
 0.03136251 0.02756697 0.02404054 0.02221578 0.02198135 0.02254013
 0.02268382 0.02348514 0.02740346 0.0309802  0.03221247 0.03213222
 0.03169566 0.0316021  0.03144763 0.03171119 0.03221955 0.03293632
 0.03351959 0.03383088 0.03385738 0.03391376 0.03379302 0.03440569
 0.03531999 0.03648489 0.03837671 0.03974617 0.03991894 0.03628621
 0.03262029 0.03092516 0.03113788 0.03175282 0.03165088 0.03178038
 0.03077967 0.03006393 0.02976551 0.02871037 0.02789903 0.02754049
 0.0275193  0.02761719 0.02631724 0.02509799 0.02386316 0.02263396
 0.02177553 0.02058334 0.01989901 0.02061767 0.02170168 0.02197086
 0.0218539  0.02173836 0.02146581 0.02138539 0.02126619 0.02199705
 0.02266319 0.0229234  0.02297921 0.02307949 0.02314567 0.02340665
 0.02412021 0.02464573 0.02362539 0.02237391 0.02165035 0.0210596
 0.02033243 0.01905947 0.0238981  0.02902565 0.03250343 0.03358018
 0.03325468 0.0327406  0.03220342 0.03216443 0.03274973 0.03331307
 0.03369813 0.03413583 0.03436174 0.03416494 0.03423123 0.03574051
 0.03696799 0.03768619 0.03780938 0.03773545 0.03783701 0.03230691
 0.02767892 0.02502576 0.02431956 0.02434379 0.02688833 0.02978495
 0.03106795 0.03092245 0.03032216 0.02991298 0.02958017 0.02990563
 0.03073595 0.03105722 0.03104481 0.03093253 0.03096529 0.03105139
 0.0309845  0.03081373 0.0304197  0.03022827 0.03020062 0.03023504
 0.03088011 0.02984115 0.0283033  0.02761269 0.0284689  0.02958779
 0.03048058 0.03095406 0.03037845 0.03028238 0.03066711 0.02948113
 0.02862084 0.02794523 0.02790143 0.02839567 0.03363917 0.0387787
 0.04108869 0.04671992 0.05157204 0.05264954 0.05172358 0.05068313
 0.04993311 0.04974713 0.0498727  0.049875   0.04983883 0.0497943
 0.04898492 0.04822834 0.04783829 0.04727964 0.04688464 0.04699939
 0.04783287 0.04561866 0.04318677 0.04206883 0.03496557 0.0285564
 0.02537127 0.0248469  0.02550599 0.02603119 0.02572101 0.02504726
 0.02460963 0.02441357 0.02483073 0.02520918 0.02548938 0.02660776
 0.0276028  0.02814501 0.02656662 0.02439884 0.02261493 0.02230694
 0.02254681 0.02283721 0.02416792 0.02815284 0.03201499 0.03368179
 0.03362649 0.03311854 0.0326758  0.0357235  0.03831469 0.03922739
 0.03898043 0.0386683  0.03813632 0.03853362 0.03917892 0.03995319
 0.04615382 0.05104275 0.052051   0.05163035 0.05161873 0.05141883
 0.05006854 0.04820058 0.04732639 0.04736228 0.04729668 0.04783037
 0.04660394 0.04496088 0.04494815 0.0454717  0.04715884 0.04833764
 0.04860029 0.04750402 0.04656604 0.0421386  0.03952359 0.03930377
 0.03911745 0.0385995  0.03750642 0.03588606 0.03433982 0.0333697
 0.03369798 0.03637239 0.03839163 0.03956754 0.03967725 0.03869502
 0.03742448 0.03580413 0.03490961 0.03448867 0.03597012 0.03764439
 0.03774424 0.0367444  0.03530332 0.03432316 0.03383778 0.03376955
 0.03382368 0.0343327  0.03488569 0.03490863 0.03218294 0.02971548
 0.02805427 0.02752785 0.03069496 0.03382295 0.03525027 0.03528819
 0.03480024 0.03242029 0.03044971 0.02851286 0.02735094 0.03922427
 0.05126405 0.05623728 0.05534293 0.05291209 0.05148929 0.05112387
 0.051242   0.05144109 0.0561295  0.05962563 0.06138354 0.0593354
 0.05899741 0.05951253 0.06150561 0.06270288 0.06300364 0.06254128
 0.06221971 0.06194767 0.05329663 0.04804164 0.04676562 0.04772915
 0.04892468 0.04890255 0.04854827 0.04772745 0.04717254 0.04299359
 0.03989425 0.03753642 0.03553476 0.03299626 0.0318234  0.03028731
 0.02938351 0.03226085 0.03532727 0.03738245 0.03789479 0.03848667
 0.03822107 0.03904394 0.04028421 0.04137395 0.04298108 0.045387
 0.04673938 0.04734598 0.04662591 0.04586669 0.04546168 0.04448045
 0.04556928 0.04660339 0.04617325 0.04493919 0.04213606 0.04032532
 0.03955915 0.03951037 0.03783103 0.03645871 0.03558832 0.03506655
 0.0354723  0.0348375  0.03222197 0.03019504 0.0292005  0.02929972
 0.03097269 0.03247996 0.03448243 0.03311816 0.0309534  0.02929746
 0.02868705 0.02928785 0.03010511 0.03261122 0.03474141 0.03559817
 0.03646876 0.03636378 0.03596776 0.03587343 0.03601147 0.0361459
 0.04257742 0.04913689 0.05420462 0.05498813 0.05407305 0.05204797
 0.0511691  0.05242927 0.05351065 0.05515442 0.0596918  0.06283785
 0.0623198  0.06046295 0.05944511 0.05901811 0.05935521 0.05994141
 0.06084763 0.06333714 0.06485484 0.05853709 0.06316999 0.06946127
 0.07178806 0.0705507  0.06827947 0.06719318 0.06693006 0.06802063
 0.06871134 0.06622242 0.06428193 0.06527498 0.06668872 0.06695208
 0.06681118 0.0663661  0.06561792 0.06463134 0.06109769 0.05874993
 0.05756015 0.04693944 0.03857576 0.03586679 0.03671074 0.03860029
 0.03829457 0.03764575 0.03518612 0.03377893 0.03300836 0.03283571
 0.03166031 0.03095007 0.03073609 0.03080366 0.03101118 0.03109823
 0.03142745 0.0392989  0.04666428 0.04989323 0.04988237 0.04764798
 0.04549533 0.0443187  0.04425114 0.04487155 0.04542007 0.04558379
 0.04710006 0.04831579 0.04908134 0.04779073 0.04646629 0.04593087
 0.0464602  0.04789079 0.04879904 0.04987948 0.04342442 0.03776192
 0.03547255 0.03460431 0.03471293 0.03502399 0.03547356 0.03565325
 0.03539848 0.0350112  0.03480447 0.03250068 0.03282386 0.03407992
 0.03536564 0.03603926 0.03603095 0.03514807 0.03368851 0.03296512
 0.03103052 0.02997223 0.02971694 0.02931258 0.02922814 0.02926533
 0.0291249  0.02866272 0.02837174 0.02797803 0.0278535  0.02793793
 0.02809769 0.02645646 0.024604   0.02328067 0.02265908 0.02261464
 0.02283837 0.02295254 0.02285572 0.02273446 0.02265733 0.02275446
 0.02269633 0.0222748  0.02332569 0.02619945 0.02861452 0.02954642
 0.02946951 0.0291729  0.02869126 0.02815185 0.02735949 0.02714277
 0.02842345 0.02991243 0.03057293]","[0.02130835 0.02755896 0.02623739 0.02662244 0.02711777 0.02795233
 0.02607326 0.03127772 0.03086111 0.03028194 0.03200543 0.0333761
 0.03355323 0.03351736 0.03290114 0.03885488 0.03917538 0.03903613
 0.03827852 0.03732015 0.03759413 0.03713176 0.03476717 0.03548077
 0.03684754 0.03618492 0.03550176 0.03567382 0.03198813 0.03221599
 0.03222492 0.03042313 0.0314041  0.03113418 0.03112545 0.03099281
 0.02260589 0.02210161 0.02205309 0.02239318 0.02264524 0.02160912
 0.02384478 0.03131815 0.03172681 0.03078257 0.03119797 0.03130443
 0.03174365 0.03111587 0.03184172 0.03226227 0.0330291  0.03333081
 0.03348393 0.03342847 0.03374164 0.03339309 0.03495369 0.03564535
 0.03689974 0.0394098  0.03979005 0.03925583 0.03254553 0.03119042
 0.03142545 0.0321569  0.03172766 0.03060233 0.03168155 0.02920529
 0.02972595 0.02965586 0.0272939  0.02736891 0.02732339 0.02732985
 0.02731054 0.02411346 0.02413032 0.02267125 0.0213492  0.02092773
 0.0188339  0.01917565 0.02147967 0.02180434 0.02070063 0.02087553
 0.02111072 0.02057247 0.02088322 0.02049423 0.02247916 0.02226962
 0.02207968 0.02224476 0.02258058 0.02253852 0.02309378 0.02425494
 0.02414284 0.02120105 0.02093502 0.02104117 0.02006047 0.01896955
 0.0169532  0.0311032  0.03058399 0.03220256 0.03219115 0.03223634
 0.03246615 0.03186289 0.03227076 0.03309575 0.03313015 0.03336892
 0.03404083 0.0340222  0.03354581 0.03423246 0.03710954 0.03697631
 0.03748234 0.03743589 0.03760271 0.03799949 0.02602509 0.0260305
 0.02469739 0.02470823 0.02402461 0.02939473 0.03065482 0.03000819
 0.02969388 0.02970709 0.02979084 0.0292864  0.03027931 0.03114488
 0.03047371 0.03050801 0.03053444 0.03079219 0.03080505 0.03050969
 0.03033542 0.02974378 0.02995545 0.02994395 0.02992481 0.03126883
 0.0277383  0.02690756 0.02758199 0.02960957 0.02977227 0.03028898
 0.03054403 0.02909581 0.03039699 0.03091418 0.02741428 0.02817574
 0.0273585  0.02790619 0.0285427  0.03890895 0.03993581 0.03984655
 0.05063031 0.05238668 0.0512356  0.0512169  0.05113895 0.05042726
 0.05030885 0.05022886 0.04992734 0.04997394 0.04999475 0.04862963
 0.04841851 0.04828867 0.04735749 0.04722151 0.04767096 0.04879843
 0.04359585 0.04285716 0.04290645 0.02847319 0.02606067 0.02578252
 0.02586646 0.02585784 0.02541192 0.02435467 0.02403195 0.02423516
 0.02413678 0.02516229 0.02495254 0.0251649  0.0274777  0.02758845
 0.02770902 0.02378014 0.02244042 0.02142194 0.02268468 0.02229225
 0.02222032 0.02503462 0.03155834 0.032975   0.03249827 0.03240542
 0.03266525 0.03249453 0.03922249 0.03854427 0.03826376 0.03816642
 0.03858133 0.03778122 0.03920893 0.03940125 0.04016055 0.05120884
 0.05111827 0.05034682 0.05147343 0.05258813 0.05184709 0.04960535
 0.0478945  0.04800498 0.04806566 0.04733174 0.04849395 0.04548434
 0.04463061 0.04626376 0.04614444 0.04851797 0.04860194 0.04857237
 0.04699593 0.0469957  0.03914978 0.0401949  0.04082913 0.0389005
 0.03809309 0.03669799 0.03491477 0.03374716 0.03326877 0.03457783
 0.03880964 0.0384514  0.03946891 0.03924307 0.03792043 0.03700943
 0.03503978 0.03501225 0.03444961 0.03760587 0.03807916 0.03656705
 0.03566332 0.0344907  0.03421134 0.0338223  0.03380042 0.0336807
 0.03463745 0.03493701 0.03440436 0.02897086 0.02869985 0.02756414
 0.02766394 0.03439748 0.03443724 0.03431706 0.03435352 0.03435199
 0.0301005  0.02980897 0.02731175 0.02691189 0.05247929 0.05286586
 0.05295864 0.05301099 0.05294869 0.05278811 0.05221269 0.05181045
 0.05168641 0.05954668 0.05948566 0.06113615 0.05793979 0.06084415
 0.06079952 0.06316906 0.06309545 0.06343872 0.06309427 0.06326913
 0.06290547 0.04854219 0.04976818 0.04917005 0.04928619 0.04934788
 0.04844924 0.04878979 0.04785968 0.04781274 0.04017674 0.04012806
 0.03741611 0.03500952 0.0314287  0.03210153 0.0289806  0.0291129
 0.03598499 0.03622224 0.03731433 0.03719972 0.03905618 0.03780258
 0.04026554 0.04104583 0.04167803 0.04388862 0.04665152 0.04659853
 0.04735294 0.04600756 0.04600792 0.04582543 0.04402038 0.04726723
 0.04687577 0.04534118 0.04442234 0.04063132 0.04061604 0.04002645
 0.03989861 0.03609088 0.03618232 0.03555047 0.03499288 0.03615084
 0.03373108 0.02965205 0.02965592 0.02925941 0.02978392 0.03247565
 0.032602   0.0354381  0.03004844 0.02948572 0.02882364 0.02888753
 0.03003864 0.03013946 0.03452562 0.03495339 0.03488846 0.03682907
 0.03567671 0.03565474 0.03601647 0.03610567 0.03603337 0.04862937
 0.05040476 0.05439193 0.05333945 0.05392555 0.05191854 0.05228998
 0.05423879 0.05379043 0.05601153 0.06218689 0.06282534 0.06120097
 0.06068362 0.06080294 0.06010405 0.06050376 0.0608056  0.06182306
 0.06514352 0.06530885 0.05496676 0.07054961 0.07112957 0.07077323
 0.07029988 0.06938383 0.06921643 0.06853102 0.0697807  0.06955189
 0.06570544 0.0657041  0.06790002 0.06789933 0.06744712 0.06783782
 0.06748433 0.06671779 0.06571147 0.06072114 0.06026937 0.05892848
 0.04020854 0.03789614 0.03863459 0.03892852 0.03942027 0.03650979
 0.03737274 0.03326255 0.03422559 0.0332294  0.0331712  0.03033525
 0.03091149 0.03083933 0.03080966 0.03095895 0.03080529 0.03152771
 0.04719814 0.04779353 0.04828599 0.04872254 0.04667258 0.04565994
 0.04492309 0.04496183 0.04536826 0.04542962 0.04540022 0.04840801
 0.04855606 0.04927782 0.04668981 0.04661747 0.04666573 0.0475112
 0.04899541 0.04896214 0.05061705 0.03765259 0.03687536 0.03697743
 0.03490267 0.03500744 0.03491763 0.0355162  0.03542927 0.03499573
 0.03482072 0.03488858 0.03002138 0.03486625 0.03501542 0.0356619
 0.03575834 0.03554844 0.03421822 0.03267453 0.03308144 0.02902675
 0.02984817 0.02977117 0.02852194 0.0289927  0.02895107 0.028535
 0.02784713 0.02803212 0.02734427 0.02762662 0.02773926 0.02782674
 0.02379756 0.02306755 0.02246446 0.02223119 0.02233409 0.02244581
 0.02222859 0.02199206 0.02204956 0.02205754 0.02235645 0.02191993
 0.02112098 0.02456829 0.02851025 0.02878669 0.02847368 0.02847089
 0.02867446 0.02803152 0.02746687 0.02630767 0.02697367 0.02963453
 0.03015169 0.02977622 0.02782215]",0.003303235994312768
SPY,"[0.00617699 0.00617063 0.00618804 0.00620428 0.00628022 0.00645148
 0.00669181 0.00692825 0.0072226  0.00753107 0.00774206 0.00785412
 0.00787986 0.00782538 0.00771519 0.00756122 0.0074102  0.0072907
 0.0071952  0.00709875 0.00705234 0.00701878 0.00700268 0.00702475
 0.00717158 0.00733998 0.00744621 0.00754718 0.00761091 0.00755617
 0.00740525 0.00720374 0.00703034 0.00693713 0.00690792 0.00700008
 0.00718864 0.00741762 0.00765327 0.00787317 0.00802094 0.00810784
 0.00813964 0.0081822  0.00822483 0.00822044 0.00818198 0.0081395
 0.00809482 0.00809375 0.00810719 0.00819212 0.00833697 0.00849267
 0.0087351  0.00903021 0.0092917  0.00948957 0.00960931 0.00967073
 0.00974118 0.00979954 0.00991272 0.0100508  0.01012092 0.01009565
 0.00993294 0.00969157 0.00941636 0.00903723 0.00853957 0.00798703
 0.00744999 0.00698722 0.00661637 0.00628056 0.00599452 0.005798
 0.00570447 0.00569974 0.00570938 0.00564755 0.00559807 0.00540825
 0.00515217 0.00488512 0.00464849 0.00459159 0.00469317 0.00489765
 0.0051549  0.00541158 0.00563992 0.00582991 0.00599643 0.0061617
 0.00629541 0.00638921 0.00649603 0.00658926 0.0066638  0.0067151
 0.00673883 0.00667571 0.00656954 0.00647319 0.00644294 0.00645357
 0.00638724 0.00624047 0.00606014 0.00587493 0.00573083 0.0056333
 0.00571303 0.00595112 0.00626323 0.00659667 0.00690577 0.00711758
 0.00722901 0.0072547  0.00721513 0.0072347  0.00730116 0.00737488
 0.00745096 0.00749631 0.00751391 0.0076374  0.00782317 0.00803872
 0.00824662 0.00841245 0.00852769 0.00848113 0.00828483 0.00802758
 0.00774977 0.00751489 0.00734407 0.00724102 0.00722525 0.00727679
 0.00728385 0.00726492 0.0072254  0.00716658 0.0070993  0.00703324
 0.00682662 0.00655168 0.00625262 0.00599636 0.00579848 0.0056696
 0.00560023 0.0055807  0.00562588 0.00574933 0.00587661 0.00597078
 0.00608339 0.00617067 0.00631484 0.00654096 0.00678551 0.00700651
 0.00716415 0.00722351 0.00724622 0.00731212 0.00740083 0.00749701
 0.00759343 0.00768658 0.00784084 0.00801375 0.00821749 0.0084316
 0.00862425 0.00877901 0.00888645 0.00892119 0.00888104 0.0087145
 0.00840393 0.00806157 0.00771665 0.00740254 0.0070911  0.00680265
 0.00654164 0.00636688 0.00627073 0.00622246 0.00624711 0.00621214
 0.00614739 0.00604618 0.00587491 0.00569057 0.00552011 0.00538341
 0.00527945 0.00521238 0.0052026  0.00523146 0.00522121 0.00520147
 0.00517786 0.00516488 0.00516507 0.00517651 0.00515278 0.0050912
 0.00500822 0.00489285 0.0047176  0.00449989 0.00427863 0.00408781
 0.00387143 0.0036595  0.00351149 0.00350978 0.00362752 0.00379357
 0.00398622 0.00431877 0.00472998 0.0051742  0.00563096 0.00604386
 0.0065909  0.007174   0.00776018 0.0082767  0.00868189 0.00904113
 0.00937156 0.00972466 0.01023108 0.01081941 0.01139276 0.01200629
 0.01257255 0.01301727 0.01338945 0.01365161 0.013835   0.01392352
 0.01393521 0.01386737 0.01374971 0.01349341 0.01317548 0.01283209
 0.01251156 0.012251   0.01200873 0.01176719 0.01157933 0.01117458
 0.01066634 0.0102303  0.00979239 0.00940812 0.0091329  0.00891954
 0.0087825  0.00863708 0.00850706 0.00837994 0.00836064 0.00842571
 0.00851961 0.00859499 0.00864991 0.00868649 0.00869208 0.00867636
 0.0086569  0.00845672 0.00814994 0.00781393 0.00739286 0.00694772
 0.00654502 0.00619852 0.00592068 0.00573849 0.00569019 0.00574432
 0.00586026 0.00589761 0.0058721  0.00580628 0.0057693  0.00575481
 0.00575444 0.00576419 0.0057757  0.00574486 0.00587834 0.00612117
 0.00638261 0.00664811 0.00706681 0.00755128 0.0080245  0.00842637
 0.0087178  0.00886161 0.00889804 0.00891381 0.00890995 0.00889319
 0.00886719 0.0088076  0.00873034 0.00864889 0.00857764 0.00852851
 0.00850078 0.00830861 0.00802327 0.00769876 0.00735791 0.00679061
 0.00612512 0.00546728 0.00492287 0.00453555 0.00431156 0.00420921
 0.00409739 0.00444917 0.00510262 0.0059552  0.00685808 0.00772939
 0.00847192 0.00906187 0.00950808 0.00978128 0.00989129 0.00992568
 0.00989572 0.00985241 0.00980054 0.00979958 0.00983525 0.00986779
 0.00999616 0.0101746  0.01039325 0.01063396 0.01057499 0.0103077
 0.00989448 0.00949277 0.00913188 0.00885073 0.00862906 0.00843804
 0.00830412 0.00824234 0.00819739 0.00816635 0.00813272 0.00811463
 0.00800252 0.00784793 0.00771007 0.00749565 0.00724834 0.00697579
 0.00669836 0.00656473 0.00654198 0.00660878 0.00665713 0.00674491
 0.00695499 0.00731116 0.00776297 0.00827248 0.00881888 0.00933517
 0.00992114 0.01048506 0.01095543 0.01131683 0.01170639 0.01204758
 0.01232005 0.01254813 0.01270336 0.01278831 0.01286008 0.01291302
 0.01296399 0.01300461 0.01306311 0.0130679  0.01298245 0.01282809
 0.01310423 0.01415951 0.01564048 0.01719988 0.020027   0.02363752
 0.02740548 0.03075201 0.03332065 0.03499708 0.03575798 0.03577831
 0.03533279 0.03456787 0.03370881 0.03286956 0.03214194 0.03153931
 0.03109507 0.03082561 0.03073556 0.0305006  0.02974174 0.02872612
 0.02760485 0.0251371  0.02181143 0.01828573 0.01505607 0.01242216
 0.0103722  0.00900176 0.0080665  0.00760347 0.00755596 0.00775424
 0.00820458 0.00881792 0.00948607 0.0101271  0.01067442 0.0110527
 0.01124781 0.01126507 0.01116661 0.0109891  0.01076897 0.0102347
 0.00953066 0.00884386 0.00826967 0.00785718 0.007604   0.00749631
 0.00741518 0.00737546 0.00734506 0.00719564 0.00695442 0.00667786
 0.00640452 0.006165   0.00598463 0.00591128 0.00590534 0.00592555
 0.00596388 0.00601885 0.0060694  0.00612633 0.00609692 0.00598796
 0.00577218 0.00550035 0.00520887 0.00492627 0.00463743 0.00437456
 0.00414384 0.00397024 0.00385563 0.00381296 0.00398966 0.00438623
 0.0048827  0.00541664 0.00590393 0.00631943 0.00662879 0.00686425
 0.00700423 0.00705719 0.00703562 0.00696082 0.00687225 0.00678726
 0.00669354 0.00669506 0.00676925 0.00689228 0.00703108 0.00716541
 0.00729009 0.00729374 0.00712777 0.0068636  0.00654847 0.00623289
 0.00593255 0.00567558 0.00546048 0.00529922 0.00520741 0.00517468
 0.00519094 0.00522319 0.00525837 0.00527509 0.00520514 0.00507362
 0.00492971 0.00480617 0.00471056]","[0.00618308 0.0064283  0.00629218 0.00682778 0.00735022 0.0075202
 0.00730208 0.0080582  0.00811696 0.00751838 0.00749823 0.00749192
 0.00737961 0.00735112 0.00721688 0.00735861 0.00746462 0.00736506
 0.00710137 0.00744235 0.00720066 0.00723076 0.00742823 0.00826825
 0.00782924 0.00733799 0.00777486 0.00758658 0.00687952 0.00673208
 0.00674338 0.00708811 0.00742736 0.00737569 0.00797824 0.00813944
 0.00807911 0.0081027  0.00816649 0.00788373 0.00795562 0.00795133
 0.00841222 0.00839346 0.00804608 0.00804331 0.00818403 0.00815521
 0.00849802 0.0083511  0.00888364 0.00903657 0.00890483 0.00970632
 0.0098729  0.00957243 0.00949782 0.00943755 0.0095557  0.01004517
 0.00996793 0.0105513  0.01054738 0.0099832  0.00966567 0.00908112
 0.00909476 0.00905059 0.00811249 0.00736523 0.00711619 0.00702561
 0.00701105 0.00686841 0.00622021 0.00607837 0.00623586 0.00635188
 0.00635635 0.00590867 0.00519126 0.00566996 0.00432061 0.00441048
 0.00446396 0.00452294 0.00564871 0.00582222 0.00580979 0.00581676
 0.00574311 0.00575242 0.00583139 0.00606614 0.00636929 0.00628105
 0.00627187 0.00673074 0.00666041 0.00669216 0.00669321 0.00666236
 0.0061248  0.00623946 0.00649767 0.00690817 0.00681787 0.00592038
 0.00564589 0.00571724 0.00570872 0.00589424 0.00591007 0.00703558
 0.00735888 0.00723768 0.007255   0.00725067 0.00688533 0.00684414
 0.00684711 0.00684707 0.00771145 0.00776687 0.00760826 0.0076668
 0.00747591 0.00747475 0.00856413 0.00856712 0.00862319 0.00859589
 0.00850799 0.00850472 0.007573   0.00724693 0.0074555  0.00741312
 0.007626   0.00767123 0.00768363 0.00790192 0.0079193  0.00716156
 0.00721836 0.00718397 0.00709975 0.00708155 0.00707608 0.00579962
 0.0058699  0.00580668 0.00600615 0.00598319 0.00601219 0.00595861
 0.00594511 0.00616516 0.00645694 0.00612451 0.00593945 0.00639408
 0.00617196 0.0068984  0.00739748 0.00727162 0.00720037 0.00703596
 0.00675354 0.00711191 0.00773176 0.00772833 0.00774663 0.00781683
 0.00788707 0.00852145 0.008466   0.00878664 0.0088938  0.00888677
 0.0088898  0.00888505 0.00867439 0.00852973 0.00789073 0.00728458
 0.00758466 0.00741644 0.0073454  0.00686992 0.00673538 0.00652697
 0.00683306 0.00677564 0.00658757 0.00686026 0.00591182 0.00598391
 0.00578467 0.0052906  0.00542638 0.00543744 0.00546293 0.00539051
 0.00539489 0.00557925 0.00554413 0.00498591 0.005138   0.00514155
 0.00523019 0.00526104 0.00527653 0.00491358 0.00479146 0.00478724
 0.00455014 0.00412081 0.00395238 0.00397435 0.00403691 0.00342604
 0.00340427 0.00372247 0.00444653 0.00454519 0.00433483 0.00442275
 0.00566218 0.00578528 0.0059791  0.00632327 0.00632736 0.00815102
 0.00817001 0.00855563 0.00854871 0.00857753 0.00928247 0.00969718
 0.01040198 0.0118955  0.01217174 0.012164   0.01315729 0.01316894
 0.0130459  0.01363239 0.01356862 0.01385344 0.01375818 0.01381097
 0.01365148 0.01366    0.01272823 0.01278984 0.01264926 0.01264787
 0.01266806 0.01221193 0.01185712 0.01203728 0.0097465  0.00970748
 0.01042334 0.00952307 0.00952223 0.00971072 0.00926447 0.00929393
 0.00859721 0.00859152 0.00838383 0.00913071 0.00913246 0.00891816
 0.00867206 0.00866874 0.00869372 0.0085725  0.00858833 0.00866881
 0.00716071 0.00715533 0.00727074 0.00638393 0.00627779 0.00634142
 0.00615307 0.00604882 0.00616295 0.00652419 0.00654587 0.00646932
 0.00550817 0.00550585 0.00551182 0.00593273 0.00590757 0.0058657
 0.00587158 0.00582901 0.00546886 0.00710164 0.00714681 0.00687171
 0.00705813 0.00859543 0.00862247 0.00860981 0.00855744 0.00847587
 0.00823445 0.0083779  0.00890275 0.00890791 0.00892535 0.00892214
 0.00868764 0.00869479 0.00869721 0.00872886 0.00878717 0.00878642
 0.00726188 0.00727262 0.00722387 0.00698837 0.00480594 0.00477321
 0.0047684  0.00503015 0.00512677 0.00512963 0.00492655 0.00396185
 0.0079323  0.00788436 0.00832821 0.0083483  0.00865918 0.00863643
 0.0088864  0.00920218 0.00908384 0.00906214 0.0095457  0.00952987
 0.00980452 0.00979796 0.01024341 0.01026367 0.01006921 0.01092443
 0.0109265  0.01112988 0.01129195 0.00894544 0.00896667 0.00872999
 0.00929011 0.00916162 0.00922013 0.00895434 0.0086278  0.00873898
 0.0087888  0.00844556 0.0083958  0.00824958 0.00834603 0.00743314
 0.00751997 0.00775628 0.00686387 0.00683008 0.0065573  0.00639531
 0.00736759 0.00728618 0.00732732 0.00668138 0.00717847 0.00804205
 0.00872932 0.0089802  0.00932054 0.00981417 0.00987012 0.01113954
 0.01112027 0.01105532 0.01119726 0.0124473  0.01230518 0.01238202
 0.01271744 0.01264628 0.01267842 0.01309099 0.01310984 0.01328832
 0.01327693 0.01353088 0.01308116 0.01266842 0.01256164 0.01629183
 0.0202716  0.02012742 0.01969146 0.03026619 0.03172723 0.03193557
 0.03165222 0.03157604 0.03183227 0.03169442 0.03201326 0.03267248
 0.03260039 0.03300761 0.03299537 0.03299683 0.03274237 0.03270575
 0.0327398  0.03287508 0.03080758 0.02742606 0.02738537 0.02696541
 0.01632622 0.01394187 0.01364521 0.01360934 0.0135174  0.01202573
 0.01203205 0.01016049 0.01045971 0.01020837 0.00970971 0.01042892
 0.01060366 0.01058069 0.0106043  0.01058062 0.01025082 0.0101015
 0.0099356  0.01006295 0.01003448 0.01000657 0.0074758  0.00740798
 0.00790173 0.00808304 0.00824314 0.00824136 0.00822228 0.00745642
 0.00772886 0.00746763 0.00634797 0.00613595 0.00614975 0.00612984
 0.00610547 0.00618293 0.00653031 0.00636785 0.00616786 0.0061637
 0.00622943 0.00613997 0.00626787 0.00554332 0.00537044 0.00483617
 0.00480107 0.00470296 0.00460836 0.00421161 0.0042194  0.00405734
 0.00411071 0.0040851  0.0042184  0.00562918 0.0063079  0.00617774
 0.00635977 0.00626326 0.0064407  0.00639692 0.00673491 0.00662195
 0.00661993 0.00658643 0.00658001 0.00673296 0.00677491 0.00660424
 0.00738542 0.00742635 0.00746972 0.0074397  0.00744545 0.00753288
 0.0066917  0.00599942 0.0060397  0.00594848 0.00593889 0.0057552
 0.00572829 0.00555847 0.00554034 0.00561802 0.00559175 0.00560929
 0.00544565 0.00539776 0.00524482 0.00462327 0.00455307 0.00469643
 0.00479917 0.00478434 0.00451775]",0.0015557019568158115
